<?xml version="1.0"?>
<data grt_format="2.0">
  <value _ptr_="0x560a349521c0" type="list" content-type="object" content-struct-name="db.mgmt.Connection">
    <value type="object" struct-name="db.mgmt.Connection" id="8508901a-4f45-11eb-87ff-373df654ead5" struct-checksum="0x96ba47d8">
      <link type="object" struct-name="db.mgmt.Driver" key="driver">com.mysql.rdbms.mysql.driver.native</link>
      <value type="string" key="hostIdentifier">Mysql@rtn-bus15.int.ch:3306</value>
      <value type="int" key="isDefault">0</value>
      <value _ptr_="0x560a34bed5f0" type="dict" key="modules"/>
      <value _ptr_="0x560a34bed670" type="dict" key="parameterValues">
        <value type="string" key="DbSqlEditor:LastDefaultSchema">iodr</value>
        <value type="string" key="SQL_MODE"></value>
        <value type="string" key="hostName">rtn-bus15.int.ch</value>
        <value type="int" key="lastConnected">1638779384</value>
        <value type="string" key="password"></value>
        <value type="int" key="port">3306</value>
        <value type="string" key="schema"></value>
        <value type="string" key="serverVersion">5.6.15-rel63.0-log</value>
        <value type="string" key="sslCA"></value>
        <value type="string" key="sslCert"></value>
        <value type="string" key="sslCipher"></value>
        <value type="string" key="sslKey"></value>
        <value type="int" key="useSSL">0</value>
        <value type="string" key="userName">statistics</value>
      </value>
      <value type="string" key="name">IODR rtn</value>
      <link type="object" struct-name="GrtObject" key="owner">899644c6-8421-11ec-aa7c-bc5ff4d09e25</link>
    </value>
    <value type="object" struct-name="db.mgmt.Connection" id="7a3a1db1-1544-11eb-bdd6-db5de76c54e1" struct-checksum="0x96ba47d8">
      <link type="object" struct-name="db.mgmt.Driver" key="driver">com.mysql.rdbms.mysql.driver.native</link>
      <value type="string" key="hostIdentifier">Mysql@bus1-iodr2.int.ch:3306</value>
      <value type="int" key="isDefault">0</value>
      <value _ptr_="0x560a34a2c1e0" type="dict" key="modules"/>
      <value _ptr_="0x560a34a2c260" type="dict" key="parameterValues">
        <value type="string" key="DbSqlEditor:LastDefaultSchema">iodr</value>
        <value type="string" key="SQL_MODE"></value>
        <value type="string" key="hostName">bus1-iodr2.int.ch</value>
        <value type="int" key="lastConnected">1637755246</value>
        <value type="string" key="password"></value>
        <value type="int" key="port">3306</value>
        <value type="string" key="schema"></value>
        <value type="string" key="serverVersion">8.0.21-12</value>
        <value type="string" key="sslCA"></value>
        <value type="string" key="sslCert"></value>
        <value type="string" key="sslCipher"></value>
        <value type="string" key="sslKey"></value>
        <value type="int" key="useSSL">0</value>
        <value type="string" key="userName">statistics</value>
      </value>
      <value type="string" key="name">IODR</value>
      <link type="object" struct-name="GrtObject" key="owner">899644c6-8421-11ec-aa7c-bc5ff4d09e25</link>
    </value>
    <value type="object" struct-name="db.mgmt.Connection" id="61c389d8-5191-11eb-a1fa-e7fee6af1fd5" struct-checksum="0x96ba47d8">
      <link type="object" struct-name="db.mgmt.Driver" key="driver">com.mysql.rdbms.mysql.driver.native</link>
      <value type="string" key="hostIdentifier">Mysql@statistics01.int.ch:3306</value>
      <value type="int" key="isDefault">0</value>
      <value _ptr_="0x560a34a2c8b0" type="dict" key="modules"/>
      <value _ptr_="0x560a34a2c930" type="dict" key="parameterValues">
        <value type="string" key="DbSqlEditor:LastDefaultSchema">analytics-admin</value>
        <value type="string" key="SQL_MODE"></value>
        <value type="string" key="hostName">statistics01.int.ch</value>
        <value type="int" key="lastConnected">1642435697</value>
        <value type="string" key="password"></value>
        <value type="int" key="port">3306</value>
        <value type="string" key="schema"></value>
        <value type="string" key="serverVersion">5.6.34-79.1-log</value>
        <value type="string" key="sslCA"></value>
        <value type="string" key="sslCert"></value>
        <value type="string" key="sslCipher"></value>
        <value type="string" key="sslKey"></value>
        <value type="int" key="useSSL">0</value>
        <value type="string" key="userName">statistics</value>
      </value>
      <value type="string" key="name">Analitika</value>
      <link type="object" struct-name="GrtObject" key="owner">899644c6-8421-11ec-aa7c-bc5ff4d09e25</link>
    </value>
    <value type="object" struct-name="db.mgmt.Connection" id="b11a0036-7749-11eb-8e4c-dbd1aa94abe8" struct-checksum="0x96ba47d8">
      <link type="object" struct-name="db.mgmt.Driver" key="driver">com.mysql.rdbms.mysql.driver.native</link>
      <value type="string" key="hostIdentifier">Mysql@rtn-db12.int.ch:3306</value>
      <value type="int" key="isDefault">0</value>
      <value _ptr_="0x560a34a2cf80" type="dict" key="modules"/>
      <value _ptr_="0x560a34a2d000" type="dict" key="parameterValues">
        <value type="string" key="DbSqlEditor:LastDefaultSchema">analytics_admin</value>
        <value type="string" key="SQL_MODE"></value>
        <value type="string" key="hostName">rtn-db12.int.ch</value>
        <value type="int" key="lastConnected">1638458618</value>
        <value type="string" key="password"></value>
        <value type="int" key="port">3306</value>
        <value type="string" key="schema"></value>
        <value type="string" key="serverVersion">5.6.33-79.0-log</value>
        <value type="string" key="sslCA"></value>
        <value type="string" key="sslCert"></value>
        <value type="string" key="sslCipher"></value>
        <value type="string" key="sslKey"></value>
        <value type="int" key="useSSL">0</value>
        <value type="string" key="userName">statistics</value>
      </value>
      <value type="string" key="name">Analitika RTN</value>
      <link type="object" struct-name="GrtObject" key="owner">899644c6-8421-11ec-aa7c-bc5ff4d09e25</link>
    </value>
    <value type="object" struct-name="db.mgmt.Connection" id="61c389d6-5191-11eb-a1fa-e7fee6af1fd5" struct-checksum="0x96ba47d8">
      <link type="object" struct-name="db.mgmt.Driver" key="driver">com.mysql.rdbms.mysql.driver.native</link>
      <value type="string" key="hostIdentifier">Mysql@replication01.int.ch:3306</value>
      <value type="int" key="isDefault">0</value>
      <value _ptr_="0x560a34a2d650" type="dict" key="modules"/>
      <value _ptr_="0x560a34a2d6d0" type="dict" key="parameterValues">
        <value type="string" key="DbSqlEditor:LastDefaultSchema">mobilegate56_sessionhandler_serbia</value>
        <value type="string" key="SQL_MODE"></value>
        <value type="string" key="hostName">replication01.int.ch</value>
        <value type="int" key="lastConnected">1639585254</value>
        <value type="string" key="password"></value>
        <value type="int" key="port">3306</value>
        <value type="string" key="schema"></value>
        <value type="string" key="serverVersion">5.6.45-86.1</value>
        <value type="string" key="sslCA"></value>
        <value type="string" key="sslCert"></value>
        <value type="string" key="sslCipher"></value>
        <value type="string" key="sslKey"></value>
        <value type="int" key="useSSL">0</value>
        <value type="string" key="userName">statistics</value>
      </value>
      <value type="string" key="name">replication01</value>
      <link type="object" struct-name="GrtObject" key="owner">899644c6-8421-11ec-aa7c-bc5ff4d09e25</link>
    </value>
    <value type="object" struct-name="db.mgmt.Connection" id="43cc75ca-3641-11eb-8689-fb9c5f14954e" struct-checksum="0x96ba47d8">
      <link type="object" struct-name="db.mgmt.Driver" key="driver">com.mysql.rdbms.mysql.driver.native</link>
      <value type="string" key="hostIdentifier">Mysql@bus1-webgate51.int.ch:3306</value>
      <value type="int" key="isDefault">0</value>
      <value _ptr_="0x560a34a2de20" type="dict" key="modules"/>
      <value _ptr_="0x560a34a2dea0" type="dict" key="parameterValues">
        <value type="string" key="DbSqlEditor:LastDefaultSchema">box</value>
        <value type="string" key="SQL_MODE"></value>
        <value type="string" key="hostName">bus1-webgate51.int.ch</value>
        <value type="int" key="lastConnected">1643190538</value>
        <value type="string" key="password"></value>
        <value type="int" key="port">3306</value>
        <value type="string" key="schema"></value>
        <value type="string" key="serverVersion">5.6.15-rel63.0-log</value>
        <value type="string" key="sslCA"></value>
        <value type="string" key="sslCert"></value>
        <value type="string" key="sslCipher"></value>
        <value type="string" key="sslKey"></value>
        <value type="int" key="useSSL">0</value>
        <value type="string" key="userName">statistics</value>
      </value>
      <value type="string" key="name">BOX</value>
      <link type="object" struct-name="GrtObject" key="owner">899644c6-8421-11ec-aa7c-bc5ff4d09e25</link>
    </value>
    <value type="object" struct-name="db.mgmt.Connection" id="3fbb5658-abe0-11eb-9519-7fa109580a95" struct-checksum="0x96ba47d8">
      <link type="object" struct-name="db.mgmt.Driver" key="driver">com.mysql.rdbms.mysql.driver.native</link>
      <value type="string" key="hostIdentifier">Mysql@voice-fs2.int.ch:3306</value>
      <value type="int" key="isDefault">0</value>
      <value _ptr_="0x560a34a2e5f0" type="dict" key="modules"/>
      <value _ptr_="0x560a34a2e670" type="dict" key="parameterValues">
        <value type="string" key="DbSqlEditor:LastDefaultSchema">voice_scm</value>
        <value type="string" key="SQL_MODE"></value>
        <value type="string" key="hostName">voice-fs2.int.ch</value>
        <value type="int" key="lastConnected">1643626880</value>
        <value type="string" key="password"></value>
        <value type="int" key="port">3306</value>
        <value type="string" key="schema"></value>
        <value type="string" key="serverVersion">5.6.34-79.1-log</value>
        <value type="string" key="sslCA"></value>
        <value type="string" key="sslCert"></value>
        <value type="string" key="sslCipher"></value>
        <value type="string" key="sslKey"></value>
        <value type="int" key="useSSL">0</value>
        <value type="string" key="userName">statistics</value>
      </value>
      <value type="string" key="name">FS2</value>
      <link type="object" struct-name="GrtObject" key="owner">899644c6-8421-11ec-aa7c-bc5ff4d09e25</link>
    </value>
    <value type="object" struct-name="db.mgmt.Connection" id="17aae6ca-35bf-11eb-842f-2f3965b60cac" struct-checksum="0x96ba47d8">
      <link type="object" struct-name="db.mgmt.Driver" key="driver">com.mysql.rdbms.mysql.driver.native</link>
      <value type="string" key="hostIdentifier">Mysql@db1-vas1percona1.int.ch:3306</value>
      <value type="int" key="isDefault">0</value>
      <value _ptr_="0x560a34a2edc0" type="dict" key="modules"/>
      <value _ptr_="0x560a34a2ee40" type="dict" key="parameterValues">
        <value type="string" key="DbSqlEditor:LastDefaultSchema">sect_nth_1192_virtual</value>
        <value type="string" key="SQL_MODE"></value>
        <value type="string" key="hostName">db1-vas1percona1.int.ch</value>
        <value type="int" key="lastConnected">1634045051</value>
        <value type="string" key="password"></value>
        <value type="int" key="port">3306</value>
        <value type="string" key="schema"></value>
        <value type="string" key="serverVersion">5.6.36-82.0-log</value>
        <value type="string" key="sslCA"></value>
        <value type="string" key="sslCert"></value>
        <value type="string" key="sslCipher"></value>
        <value type="string" key="sslKey"></value>
        <value type="int" key="useSSL">0</value>
        <value type="string" key="userName">statistics</value>
      </value>
      <value type="string" key="name">db1-vas1percona1</value>
      <link type="object" struct-name="GrtObject" key="owner">899644c6-8421-11ec-aa7c-bc5ff4d09e25</link>
    </value>
    <value type="object" struct-name="db.mgmt.Connection" id="d3e85d4c-436e-11eb-84b2-c3c9c9e7efe2" struct-checksum="0x96ba47d8">
      <link type="object" struct-name="db.mgmt.Driver" key="driver">com.mysql.rdbms.mysql.driver.native</link>
      <value type="string" key="hostIdentifier">Mysql@db1-vas1percona2.int.ch:3306</value>
      <value type="int" key="isDefault">0</value>
      <value _ptr_="0x560a34a2f590" type="dict" key="modules"/>
      <value _ptr_="0x560a34a2f610" type="dict" key="parameterValues">
        <value type="string" key="DbSqlEditor:LastDefaultSchema">Codes</value>
        <value type="string" key="SQL_MODE"></value>
        <value type="string" key="hostName">db1-vas1percona2.int.ch</value>
        <value type="int" key="lastConnected">1634045060</value>
        <value type="string" key="password"></value>
        <value type="int" key="port">3306</value>
        <value type="string" key="schema"></value>
        <value type="string" key="serverVersion">5.6.36-82.0-log</value>
        <value type="string" key="sslCA"></value>
        <value type="string" key="sslCert"></value>
        <value type="string" key="sslCipher"></value>
        <value type="string" key="sslKey"></value>
        <value type="int" key="useSSL">0</value>
        <value type="string" key="userName">statistics</value>
      </value>
      <value type="string" key="name">db1-vas1percona2</value>
      <link type="object" struct-name="GrtObject" key="owner">899644c6-8421-11ec-aa7c-bc5ff4d09e25</link>
    </value>
    <value type="object" struct-name="db.mgmt.Connection" id="27cbc056-8187-11eb-84ae-2be0f6dc77b4" struct-checksum="0x96ba47d8">
      <link type="object" struct-name="db.mgmt.Driver" key="driver">com.mysql.rdbms.mysql.driver.native</link>
      <value type="string" key="hostIdentifier">Mysql@supportapps2.int.ch:3306</value>
      <value type="int" key="isDefault">0</value>
      <value _ptr_="0x560a34a2fd60" type="dict" key="modules"/>
      <value _ptr_="0x560a34acdac0" type="dict" key="parameterValues">
        <value type="string" key="DbSqlEditor:LastDefaultSchema">Codes</value>
        <value type="string" key="SQL_MODE"></value>
        <value type="string" key="hostName">supportapps2.int.ch</value>
        <value type="int" key="lastConnected">1614174164</value>
        <value type="string" key="password"></value>
        <value type="int" key="port">3306</value>
        <value type="string" key="schema"></value>
        <value type="string" key="serverVersion">5.6.36-82.0-log</value>
        <value type="string" key="sslCA"></value>
        <value type="string" key="sslCert"></value>
        <value type="string" key="sslCipher"></value>
        <value type="string" key="sslKey"></value>
        <value type="int" key="useSSL">0</value>
        <value type="string" key="userName">statistics</value>
      </value>
      <value type="string" key="name">supportapps2</value>
      <link type="object" struct-name="GrtObject" key="owner">899644c6-8421-11ec-aa7c-bc5ff4d09e25</link>
    </value>
    <value type="object" struct-name="db.mgmt.Connection" id="e7936f50-cfb9-11e9-a66e-207918b8d61b" struct-checksum="0x96ba47d8">
      <link type="object" struct-name="db.mgmt.Driver" key="driver">com.mysql.rdbms.mysql.driver.native</link>
      <value type="string" key="hostIdentifier">Mysql@voice-db2.int.ch:3306</value>
      <value type="int" key="isDefault">0</value>
      <value _ptr_="0x560a34ace210" type="dict" key="modules"/>
      <value _ptr_="0x560a34ace290" type="dict" key="parameterValues">
        <value type="string" key="DbSqlEditor:LastDefaultSchema">voice_sl</value>
        <value type="string" key="SQL_MODE"></value>
        <value type="string" key="hostName">voice-db2.int.ch</value>
        <value type="int" key="lastConnected">1619610089</value>
        <value type="string" key="password"></value>
        <value type="int" key="port">3306</value>
        <value type="string" key="schema"></value>
        <value type="string" key="serverVersion">5.6.15-rel63.0-log</value>
        <value type="string" key="sslCA"></value>
        <value type="string" key="sslCert"></value>
        <value type="string" key="sslCipher"></value>
        <value type="string" key="sslKey"></value>
        <value type="int" key="useSSL">0</value>
        <value type="string" key="userName">statistics</value>
      </value>
      <value type="string" key="name">voice-db2(fs4)</value>
      <link type="object" struct-name="GrtObject" key="owner">899644c6-8421-11ec-aa7c-bc5ff4d09e25</link>
    </value>
    <value type="object" struct-name="db.mgmt.Connection" id="13932d65-203d-11eb-9e2f-d1be138081b1" struct-checksum="0x96ba47d8">
      <link type="object" struct-name="db.mgmt.Driver" key="driver">com.mysql.rdbms.mysql.driver.native</link>
      <value type="string" key="hostIdentifier">Mysql@apps54.int.ch:3306</value>
      <value type="int" key="isDefault">0</value>
      <value _ptr_="0x560a34ace9e0" type="dict" key="modules"/>
      <value _ptr_="0x560a34acea60" type="dict" key="parameterValues">
        <value type="string" key="DbSqlEditor:LastDefaultSchema">sect_nth_03_virtual</value>
        <value type="string" key="SQL_MODE"></value>
        <value type="string" key="hostName">apps54.int.ch</value>
        <value type="int" key="lastConnected">1643378266</value>
        <value type="string" key="password"></value>
        <value type="int" key="port">3306</value>
        <value type="string" key="schema"></value>
        <value type="string" key="serverVersion">5.6.15-rel63.0-log</value>
        <value type="string" key="sslCA"></value>
        <value type="string" key="sslCert"></value>
        <value type="string" key="sslCipher"></value>
        <value type="string" key="sslKey"></value>
        <value type="int" key="useSSL">0</value>
        <value type="string" key="userName">statistics</value>
      </value>
      <value type="string" key="name">APPS - 54</value>
      <link type="object" struct-name="GrtObject" key="owner">899644c6-8421-11ec-aa7c-bc5ff4d09e25</link>
    </value>
    <value type="object" struct-name="db.mgmt.Connection" id="364c3dc1-4368-11eb-84b2-c3c9c9e7efe2" struct-checksum="0x96ba47d8">
      <link type="object" struct-name="db.mgmt.Driver" key="driver">com.mysql.rdbms.mysql.driver.native</link>
      <value type="string" key="hostIdentifier">Mysql@apps57.int.ch:3306</value>
      <value type="int" key="isDefault">0</value>
      <value _ptr_="0x560a34acf1b0" type="dict" key="modules"/>
      <value _ptr_="0x560a34acf230" type="dict" key="parameterValues">
        <value type="string" key="DbSqlEditor:LastDefaultSchema">sect_nth_71_virtual</value>
        <value type="string" key="SQL_MODE"></value>
        <value type="string" key="hostName">apps57.int.ch</value>
        <value type="int" key="lastConnected">1609752611</value>
        <value type="string" key="password"></value>
        <value type="int" key="port">3306</value>
        <value type="string" key="schema"></value>
        <value type="string" key="serverVersion">5.6.21-70.0-log</value>
        <value type="string" key="sslCA"></value>
        <value type="string" key="sslCert"></value>
        <value type="string" key="sslCipher"></value>
        <value type="string" key="sslKey"></value>
        <value type="int" key="useSSL">0</value>
        <value type="string" key="userName">statistics</value>
      </value>
      <value type="string" key="name">APPS - 57</value>
      <link type="object" struct-name="GrtObject" key="owner">899644c6-8421-11ec-aa7c-bc5ff4d09e25</link>
    </value>
    <value type="object" struct-name="db.mgmt.Connection" id="22a15e5c-258d-11eb-8e57-754901bdb62a" struct-checksum="0x96ba47d8">
      <link type="object" struct-name="db.mgmt.Driver" key="driver">com.mysql.rdbms.mysql.driver.native</link>
      <value type="string" key="hostIdentifier">Mysql@apps58.int.ch:3306</value>
      <value type="int" key="isDefault">0</value>
      <value _ptr_="0x560a34acf980" type="dict" key="modules"/>
      <value _ptr_="0x560a34acfa00" type="dict" key="parameterValues">
        <value type="string" key="DbSqlEditor:LastDefaultSchema">sect_nth_1224_virtual</value>
        <value type="string" key="SQL_MODE"></value>
        <value type="string" key="hostName">apps58.int.ch</value>
        <value type="int" key="lastConnected">1620895108</value>
        <value type="string" key="password"></value>
        <value type="int" key="port">3306</value>
        <value type="string" key="schema"></value>
        <value type="string" key="serverVersion">5.6.21-70.0-log</value>
        <value type="string" key="sslCA"></value>
        <value type="string" key="sslCert"></value>
        <value type="string" key="sslCipher"></value>
        <value type="string" key="sslKey"></value>
        <value type="int" key="useSSL">0</value>
        <value type="string" key="userName">statistics</value>
      </value>
      <value type="string" key="name">APPS - 58</value>
      <link type="object" struct-name="GrtObject" key="owner">899644c6-8421-11ec-aa7c-bc5ff4d09e25</link>
    </value>
    <value type="object" struct-name="db.mgmt.Connection" id="166523c1-72aa-11eb-83e6-e31e7db361b7" struct-checksum="0x96ba47d8">
      <link type="object" struct-name="db.mgmt.Driver" key="driver">com.mysql.rdbms.mysql.driver.native</link>
      <value type="string" key="hostIdentifier">Mysql@mobilegate69.int.ch:3306</value>
      <value type="int" key="isDefault">0</value>
      <value _ptr_="0x560a34ad0150" type="dict" key="modules"/>
      <value _ptr_="0x560a34ad01d0" type="dict" key="parameterValues">
        <value type="string" key="SQL_MODE"></value>
        <value type="string" key="hostName">mobilegate69.int.ch</value>
        <value type="string" key="password"></value>
        <value type="int" key="port">3306</value>
        <value type="string" key="schema"></value>
        <value type="string" key="sslCA"></value>
        <value type="string" key="sslCert"></value>
        <value type="string" key="sslCipher"></value>
        <value type="string" key="sslKey"></value>
        <value type="int" key="useSSL">0</value>
        <value type="string" key="userName">statistics</value>
      </value>
      <value type="string" key="name">mobilegate69</value>
      <link type="object" struct-name="GrtObject" key="owner">899644c6-8421-11ec-aa7c-bc5ff4d09e25</link>
    </value>
    <value type="object" struct-name="db.mgmt.Connection" id="3a0bbda2-72aa-11eb-83e6-e31e7db361b7" struct-checksum="0x96ba47d8">
      <link type="object" struct-name="db.mgmt.Driver" key="driver">com.mysql.rdbms.mysql.driver.native</link>
      <value type="string" key="hostIdentifier">Mysql@mobilegate71.int.ch:3306</value>
      <value type="int" key="isDefault">0</value>
      <value _ptr_="0x560a34ad0920" type="dict" key="modules"/>
      <value _ptr_="0x560a34ad09a0" type="dict" key="parameterValues">
        <value type="string" key="SQL_MODE"></value>
        <value type="string" key="hostName">mobilegate71.int.ch</value>
        <value type="string" key="password"></value>
        <value type="int" key="port">3306</value>
        <value type="string" key="schema"></value>
        <value type="string" key="sslCA"></value>
        <value type="string" key="sslCert"></value>
        <value type="string" key="sslCipher"></value>
        <value type="string" key="sslKey"></value>
        <value type="int" key="useSSL">0</value>
        <value type="string" key="userName">statistics</value>
      </value>
      <value type="string" key="name">mobilegate71</value>
      <link type="object" struct-name="GrtObject" key="owner">899644c6-8421-11ec-aa7c-bc5ff4d09e25</link>
    </value>
    <value type="object" struct-name="db.mgmt.Connection" id="3b42757e-72aa-11eb-83e6-e31e7db361b7" struct-checksum="0x96ba47d8">
      <link type="object" struct-name="db.mgmt.Driver" key="driver">com.mysql.rdbms.mysql.driver.native</link>
      <value type="string" key="hostIdentifier">Mysql@mobilegate77.int.ch:3306</value>
      <value type="int" key="isDefault">0</value>
      <value _ptr_="0x560a34ad10f0" type="dict" key="modules"/>
      <value _ptr_="0x560a34ad1170" type="dict" key="parameterValues">
        <value type="string" key="SQL_MODE"></value>
        <value type="string" key="hostName">mobilegate77.int.ch</value>
        <value type="string" key="password"></value>
        <value type="int" key="port">3306</value>
        <value type="string" key="schema"></value>
        <value type="string" key="sslCA"></value>
        <value type="string" key="sslCert"></value>
        <value type="string" key="sslCipher"></value>
        <value type="string" key="sslKey"></value>
        <value type="int" key="useSSL">0</value>
        <value type="string" key="userName">statistics</value>
      </value>
      <value type="string" key="name">mobilegate77</value>
      <link type="object" struct-name="GrtObject" key="owner">899644c6-8421-11ec-aa7c-bc5ff4d09e25</link>
    </value>
    <value type="object" struct-name="db.mgmt.Connection" id="3b427576-72aa-11eb-83e6-e31e7db361b7" struct-checksum="0x96ba47d8">
      <link type="object" struct-name="db.mgmt.Driver" key="driver">com.mysql.rdbms.mysql.driver.native</link>
      <value type="string" key="hostIdentifier">Mysql@mobilegate72.int.ch:3306</value>
      <value type="int" key="isDefault">0</value>
      <value _ptr_="0x560a34ad18c0" type="dict" key="modules"/>
      <value _ptr_="0x560a34ad1940" type="dict" key="parameterValues">
        <value type="string" key="SQL_MODE"></value>
        <value type="string" key="hostName">mobilegate72.int.ch</value>
        <value type="string" key="password"></value>
        <value type="int" key="port">3306</value>
        <value type="string" key="schema"></value>
        <value type="string" key="sslCA"></value>
        <value type="string" key="sslCert"></value>
        <value type="string" key="sslCipher"></value>
        <value type="string" key="sslKey"></value>
        <value type="int" key="useSSL">0</value>
        <value type="string" key="userName">statistics</value>
      </value>
      <value type="string" key="name">mobilegate72</value>
      <link type="object" struct-name="GrtObject" key="owner">899644c6-8421-11ec-aa7c-bc5ff4d09e25</link>
    </value>
    <value type="object" struct-name="db.mgmt.Connection" id="3b427578-72aa-11eb-83e6-e31e7db361b7" struct-checksum="0x96ba47d8">
      <link type="object" struct-name="db.mgmt.Driver" key="driver">com.mysql.rdbms.mysql.driver.native</link>
      <value type="string" key="hostIdentifier">Mysql@mobilegate73.int.ch:3306</value>
      <value type="int" key="isDefault">0</value>
      <value _ptr_="0x560a34ad2090" type="dict" key="modules"/>
      <value _ptr_="0x560a34ad2110" type="dict" key="parameterValues">
        <value type="string" key="DbSqlEditor:LastDefaultSchema">gateway_provider</value>
        <value type="string" key="SQL_MODE"></value>
        <value type="string" key="hostName">mobilegate73.int.ch</value>
        <value type="int" key="lastConnected">1617023622</value>
        <value type="string" key="password"></value>
        <value type="int" key="port">3306</value>
        <value type="string" key="schema"></value>
        <value type="string" key="serverVersion">5.6.46-86.2-log</value>
        <value type="string" key="sslCA"></value>
        <value type="string" key="sslCert"></value>
        <value type="string" key="sslCipher"></value>
        <value type="string" key="sslKey"></value>
        <value type="int" key="useSSL">0</value>
        <value type="string" key="userName">statistics</value>
      </value>
      <value type="string" key="name">mobilegate73</value>
      <link type="object" struct-name="GrtObject" key="owner">899644c6-8421-11ec-aa7c-bc5ff4d09e25</link>
    </value>
    <value type="object" struct-name="db.mgmt.Connection" id="3b42757a-72aa-11eb-83e6-e31e7db361b7" struct-checksum="0x96ba47d8">
      <link type="object" struct-name="db.mgmt.Driver" key="driver">com.mysql.rdbms.mysql.driver.native</link>
      <value type="string" key="hostIdentifier">Mysql@mobilegate74.int.ch:3306</value>
      <value type="int" key="isDefault">0</value>
      <value _ptr_="0x560a34ad2860" type="dict" key="modules"/>
      <value _ptr_="0x560a34ad28e0" type="dict" key="parameterValues">
        <value type="string" key="DbSqlEditor:LastDefaultSchema">gateway_provider</value>
        <value type="string" key="SQL_MODE"></value>
        <value type="string" key="hostName">mobilegate74.int.ch</value>
        <value type="int" key="lastConnected">1617023663</value>
        <value type="string" key="password"></value>
        <value type="int" key="port">3306</value>
        <value type="string" key="schema"></value>
        <value type="string" key="serverVersion">5.6.21-70.0-log</value>
        <value type="string" key="sslCA"></value>
        <value type="string" key="sslCert"></value>
        <value type="string" key="sslCipher"></value>
        <value type="string" key="sslKey"></value>
        <value type="int" key="useSSL">0</value>
        <value type="string" key="userName">statistics</value>
      </value>
      <value type="string" key="name">mobilegate74</value>
      <link type="object" struct-name="GrtObject" key="owner">899644c6-8421-11ec-aa7c-bc5ff4d09e25</link>
    </value>
    <value type="object" struct-name="db.mgmt.Connection" id="3b42757c-72aa-11eb-83e6-e31e7db361b7" struct-checksum="0x96ba47d8">
      <link type="object" struct-name="db.mgmt.Driver" key="driver">com.mysql.rdbms.mysql.driver.native</link>
      <value type="string" key="hostIdentifier">Mysql@mobilegate75.int.ch:3306</value>
      <value type="int" key="isDefault">0</value>
      <value _ptr_="0x560a34ad3030" type="dict" key="modules"/>
      <value _ptr_="0x560a34ad30b0" type="dict" key="parameterValues">
        <value type="string" key="SQL_MODE"></value>
        <value type="string" key="hostName">mobilegate75.int.ch</value>
        <value type="string" key="password"></value>
        <value type="int" key="port">3306</value>
        <value type="string" key="schema"></value>
        <value type="string" key="sslCA"></value>
        <value type="string" key="sslCert"></value>
        <value type="string" key="sslCipher"></value>
        <value type="string" key="sslKey"></value>
        <value type="int" key="useSSL">0</value>
        <value type="string" key="userName">statistics</value>
      </value>
      <value type="string" key="name">mobilegate75</value>
      <link type="object" struct-name="GrtObject" key="owner">899644c6-8421-11ec-aa7c-bc5ff4d09e25</link>
    </value>
    <value type="object" struct-name="db.mgmt.Connection" id="67d1e7e8-72aa-11eb-83e6-e31e7db361b7" struct-checksum="0x96ba47d8">
      <link type="object" struct-name="db.mgmt.Driver" key="driver">com.mysql.rdbms.mysql.driver.native</link>
      <value type="string" key="hostIdentifier">Mysql@mobilegate78.int.ch:3306</value>
      <value type="int" key="isDefault">0</value>
      <value _ptr_="0x560a34ad3800" type="dict" key="modules"/>
      <value _ptr_="0x560a34ad3880" type="dict" key="parameterValues">
        <value type="string" key="SQL_MODE"></value>
        <value type="string" key="hostName">mobilegate78.int.ch</value>
        <value type="string" key="password"></value>
        <value type="int" key="port">3306</value>
        <value type="string" key="schema"></value>
        <value type="string" key="sslCA"></value>
        <value type="string" key="sslCert"></value>
        <value type="string" key="sslCipher"></value>
        <value type="string" key="sslKey"></value>
        <value type="int" key="useSSL">0</value>
        <value type="string" key="userName">statistics</value>
      </value>
      <value type="string" key="name">mobilegate78</value>
      <link type="object" struct-name="GrtObject" key="owner">899644c6-8421-11ec-aa7c-bc5ff4d09e25</link>
    </value>
    <value type="object" struct-name="db.mgmt.Connection" id="251fb8c4-d819-11eb-9f0a-4198cdc84bc7" struct-checksum="0x96ba47d8">
      <link type="object" struct-name="db.mgmt.Driver" key="driver">com.mysql.rdbms.mysql.driver.native</link>
      <value type="string" key="hostIdentifier">Mysql@rtn-nodered1.int.ch:3306</value>
      <value type="int" key="isDefault">0</value>
      <value _ptr_="0x560a34ad3fd0" type="dict" key="modules"/>
      <value _ptr_="0x560a34ad4050" type="dict" key="parameterValues">
        <value type="string" key="DbSqlEditor:LastDefaultSchema">nodered-test</value>
        <value type="string" key="SQL_MODE"></value>
        <value type="string" key="hostName">rtn-nodered1.int.ch</value>
        <value type="int" key="lastConnected">1624888871</value>
        <value type="string" key="password"></value>
        <value type="int" key="port">3306</value>
        <value type="string" key="schema"></value>
        <value type="string" key="serverVersion">8.0.22-13</value>
        <value type="string" key="sslCA"></value>
        <value type="string" key="sslCert"></value>
        <value type="string" key="sslCipher"></value>
        <value type="string" key="sslKey"></value>
        <value type="int" key="useSSL">0</value>
        <value type="string" key="userName">nodered</value>
      </value>
      <value type="string" key="name">rtn-nodered</value>
      <link type="object" struct-name="GrtObject" key="owner">899644c6-8421-11ec-aa7c-bc5ff4d09e25</link>
    </value>
    <value type="object" struct-name="db.mgmt.Connection" id="7f4fb0ec-5802-11ec-b2e0-bc5ff4d09e25" struct-checksum="0x96ba47d8">
      <link type="object" struct-name="db.mgmt.Driver" key="driver">com.mysql.rdbms.mysql.driver.native</link>
      <value type="string" key="hostIdentifier">Mysql@voicecro1.int.ch:3306</value>
      <value type="int" key="isDefault">0</value>
      <value _ptr_="0x560a34d49660" type="dict" key="modules"/>
      <value _ptr_="0x560a34d496e0" type="dict" key="parameterValues">
        <value type="string" key="DbSqlEditor:LastDefaultSchema">voice_sl</value>
        <value type="string" key="SQL_MODE"></value>
        <value type="string" key="hostName">voicecro1.int.ch</value>
        <value type="int" key="lastConnected">1642422228</value>
        <value type="string" key="password"></value>
        <value type="int" key="port">3306</value>
        <value type="string" key="schema"></value>
        <value type="string" key="serverVersion">5.6.34-79.1-log</value>
        <value type="string" key="sslCA"></value>
        <value type="string" key="sslCert"></value>
        <value type="string" key="sslCipher"></value>
        <value type="string" key="sslKey"></value>
        <value type="int" key="useSSL">0</value>
        <value type="string" key="userName">statistics</value>
      </value>
      <value type="string" key="name">CRO1</value>
      <link type="object" struct-name="GrtObject" key="owner">899644c6-8421-11ec-aa7c-bc5ff4d09e25</link>
    </value>
    <value type="object" struct-name="db.mgmt.Connection" id="9b7c8bdc-5802-11ec-b2e0-bc5ff4d09e25" struct-checksum="0x96ba47d8">
      <link type="object" struct-name="db.mgmt.Driver" key="driver">com.mysql.rdbms.mysql.driver.native</link>
      <value type="string" key="hostIdentifier">Mysql@voicecro2.int.ch:3306</value>
      <value type="int" key="isDefault">1</value>
      <value _ptr_="0x560a34d49e30" type="dict" key="modules"/>
      <value _ptr_="0x560a34d49eb0" type="dict" key="parameterValues">
        <value type="string" key="DbSqlEditor:LastDefaultSchema">voice_sl</value>
        <value type="string" key="SQL_MODE"></value>
        <value type="string" key="hostName">voicecro2.int.ch</value>
        <value type="int" key="lastConnected">1642411107</value>
        <value type="string" key="password"></value>
        <value type="int" key="port">3306</value>
        <value type="string" key="schema"></value>
        <value type="string" key="serverVersion">5.6.34-79.1-log</value>
        <value type="string" key="sslCA"></value>
        <value type="string" key="sslCert"></value>
        <value type="string" key="sslCipher"></value>
        <value type="string" key="sslKey"></value>
        <value type="int" key="useSSL">0</value>
        <value type="string" key="userName">statistics</value>
      </value>
      <value type="string" key="name">CRO2</value>
      <link type="object" struct-name="GrtObject" key="owner">899644c6-8421-11ec-aa7c-bc5ff4d09e25</link>
    </value>
    <value type="object" struct-name="db.mgmt.Connection" id="9bcea25a-5802-11ec-b2e0-bc5ff4d09e25" struct-checksum="0x96ba47d8">
      <link type="object" struct-name="db.mgmt.Driver" key="driver">com.mysql.rdbms.mysql.driver.native</link>
      <value type="string" key="hostIdentifier">Mysql@voicecro3.int.ch:3306</value>
      <value type="int" key="isDefault">0</value>
      <value _ptr_="0x560a34d4a600" type="dict" key="modules"/>
      <value _ptr_="0x560a34d4a680" type="dict" key="parameterValues">
        <value type="string" key="DbSqlEditor:LastDefaultSchema">voice_sl</value>
        <value type="string" key="SQL_MODE"></value>
        <value type="string" key="hostName">voicecro3.int.ch</value>
        <value type="int" key="lastConnected">1642411112</value>
        <value type="string" key="password"></value>
        <value type="int" key="port">3306</value>
        <value type="string" key="schema"></value>
        <value type="string" key="serverVersion">5.6.34-79.1-log</value>
        <value type="string" key="sslCA"></value>
        <value type="string" key="sslCert"></value>
        <value type="string" key="sslCipher"></value>
        <value type="string" key="sslKey"></value>
        <value type="int" key="useSSL">0</value>
        <value type="string" key="userName">statistics</value>
      </value>
      <value type="string" key="name">CRO3</value>
      <link type="object" struct-name="GrtObject" key="owner">899644c6-8421-11ec-aa7c-bc5ff4d09e25</link>
    </value>
  </value>
</data>
