<?xml version="1.0"?>
<data grt_format="2.0">
  <value _ptr_="0x563227374f00" type="list" content-type="object" content-struct-name="db.mgmt.ServerInstance">
    <value type="object" struct-name="db.mgmt.ServerInstance" id="4fbfa738-4c5e-11ec-8ac2-bc5ff4d09e25" struct-checksum="0x367436e2">
      <link type="object" struct-name="db.mgmt.Connection" key="connection">e7936f50-cfb9-11e9-a66e-207918b8d61b</link>
      <value _ptr_="0x563227307660" type="dict" key="loginInfo">
        <value type="string" key="ssh.hostName"></value>
        <value type="string" key="ssh.key">~/.ssh/ssh_private_key</value>
        <value type="string" key="ssh.localPort">3306</value>
        <value type="int" key="ssh.useKey">0</value>
        <value type="string" key="ssh.userName">mysql</value>
      </value>
      <value _ptr_="0x5632273076e0" type="dict" key="serverInfo">
        <value type="string" key="serverVersion">5.7</value>
        <value type="int" key="setupPending">0</value>
        <value type="string" key="sys.config.path">/etc/mysql/my.cnf</value>
        <value type="string" key="sys.config.section">mysqld</value>
        <value type="string" key="sys.mysqld.start">service mysqld  start</value>
        <value type="string" key="sys.mysqld.stop">service mysqld  stop</value>
        <value type="string" key="sys.sudo"></value>
        <value type="string" key="sys.system">Linux</value>
        <value type="int" key="sys.usesu">1</value>
        <value type="int" key="sys.usesudo">1</value>
      </value>
      <value type="string" key="name">voice-db2(fs4)</value>
    </value>
    <value type="object" struct-name="db.mgmt.ServerInstance" id="4fbfa904-4c5e-11ec-8ac2-bc5ff4d09e25" struct-checksum="0x367436e2">
      <link type="object" struct-name="db.mgmt.Connection" key="connection">7a3a1db1-1544-11eb-bdd6-db5de76c54e1</link>
      <value _ptr_="0x563227307c90" type="dict" key="loginInfo"/>
      <value _ptr_="0x563227307d10" type="dict" key="serverInfo">
        <value type="int" key="setupPending">0</value>
        <value type="string" key="sys.sudo"></value>
      </value>
      <value type="string" key="name">IODR</value>
    </value>
    <value type="object" struct-name="db.mgmt.ServerInstance" id="4fbfaa58-4c5e-11ec-8ac2-bc5ff4d09e25" struct-checksum="0x367436e2">
      <link type="object" struct-name="db.mgmt.Connection" key="connection">13932d65-203d-11eb-9e2f-d1be138081b1</link>
      <value _ptr_="0x5632273082c0" type="dict" key="loginInfo"/>
      <value _ptr_="0x563227308340" type="dict" key="serverInfo">
        <value type="int" key="setupPending">0</value>
        <value type="string" key="sys.sudo"></value>
      </value>
      <value type="string" key="name">APPS - 54</value>
    </value>
    <value type="object" struct-name="db.mgmt.ServerInstance" id="4fbfab98-4c5e-11ec-8ac2-bc5ff4d09e25" struct-checksum="0x367436e2">
      <link type="object" struct-name="db.mgmt.Connection" key="connection">22a15e5c-258d-11eb-8e57-754901bdb62a</link>
      <value _ptr_="0x5632273361d0" type="dict" key="loginInfo"/>
      <value _ptr_="0x563227336250" type="dict" key="serverInfo">
        <value type="int" key="setupPending">0</value>
        <value type="string" key="sys.sudo"></value>
      </value>
      <value type="string" key="name">APPS - 58</value>
    </value>
    <value type="object" struct-name="db.mgmt.ServerInstance" id="4fbfacd8-4c5e-11ec-8ac2-bc5ff4d09e25" struct-checksum="0x367436e2">
      <link type="object" struct-name="db.mgmt.Connection" key="connection">17aae6ca-35bf-11eb-842f-2f3965b60cac</link>
      <value _ptr_="0x563227336800" type="dict" key="loginInfo"/>
      <value _ptr_="0x563227336880" type="dict" key="serverInfo">
        <value type="int" key="setupPending">0</value>
        <value type="string" key="sys.sudo"></value>
      </value>
      <value type="string" key="name">db1-vas1percona1</value>
    </value>
    <value type="object" struct-name="db.mgmt.ServerInstance" id="4fbfae0e-4c5e-11ec-8ac2-bc5ff4d09e25" struct-checksum="0x367436e2">
      <link type="object" struct-name="db.mgmt.Connection" key="connection">43cc75ca-3641-11eb-8689-fb9c5f14954e</link>
      <value _ptr_="0x563227336e30" type="dict" key="loginInfo"/>
      <value _ptr_="0x563227336eb0" type="dict" key="serverInfo">
        <value type="int" key="setupPending">0</value>
        <value type="string" key="sys.sudo"></value>
      </value>
      <value type="string" key="name">BOX</value>
    </value>
    <value type="object" struct-name="db.mgmt.ServerInstance" id="4fbfaf3a-4c5e-11ec-8ac2-bc5ff4d09e25" struct-checksum="0x367436e2">
      <link type="object" struct-name="db.mgmt.Connection" key="connection">364c3dc1-4368-11eb-84b2-c3c9c9e7efe2</link>
      <value _ptr_="0x563227337460" type="dict" key="loginInfo"/>
      <value _ptr_="0x5632273374e0" type="dict" key="serverInfo">
        <value type="int" key="setupPending">0</value>
        <value type="string" key="sys.sudo"></value>
      </value>
      <value type="string" key="name">APPS - 57</value>
    </value>
    <value type="object" struct-name="db.mgmt.ServerInstance" id="4fbfb066-4c5e-11ec-8ac2-bc5ff4d09e25" struct-checksum="0x367436e2">
      <link type="object" struct-name="db.mgmt.Connection" key="connection">d3e85d4c-436e-11eb-84b2-c3c9c9e7efe2</link>
      <value _ptr_="0x563227337a90" type="dict" key="loginInfo"/>
      <value _ptr_="0x563227337b10" type="dict" key="serverInfo">
        <value type="int" key="setupPending">0</value>
        <value type="string" key="sys.sudo"></value>
      </value>
      <value type="string" key="name">db1-vas1percona2</value>
    </value>
    <value type="object" struct-name="db.mgmt.ServerInstance" id="4fbfb188-4c5e-11ec-8ac2-bc5ff4d09e25" struct-checksum="0x367436e2">
      <link type="object" struct-name="db.mgmt.Connection" key="connection">8508901a-4f45-11eb-87ff-373df654ead5</link>
      <value _ptr_="0x5632273380c0" type="dict" key="loginInfo"/>
      <value _ptr_="0x563227338140" type="dict" key="serverInfo">
        <value type="int" key="setupPending">0</value>
        <value type="string" key="sys.sudo"></value>
      </value>
      <value type="string" key="name">IODR rtn</value>
    </value>
    <value type="object" struct-name="db.mgmt.ServerInstance" id="4fbfb2b4-4c5e-11ec-8ac2-bc5ff4d09e25" struct-checksum="0x367436e2">
      <link type="object" struct-name="db.mgmt.Connection" key="connection">61c389d6-5191-11eb-a1fa-e7fee6af1fd5</link>
      <value _ptr_="0x563227338810" type="dict" key="loginInfo"/>
      <value _ptr_="0x563227338890" type="dict" key="serverInfo">
        <value type="int" key="setupPending">0</value>
        <value type="string" key="sys.sudo"></value>
      </value>
      <value type="string" key="name">replication01</value>
    </value>
    <value type="object" struct-name="db.mgmt.ServerInstance" id="4fbfb3e0-4c5e-11ec-8ac2-bc5ff4d09e25" struct-checksum="0x367436e2">
      <link type="object" struct-name="db.mgmt.Connection" key="connection">61c389d8-5191-11eb-a1fa-e7fee6af1fd5</link>
      <value _ptr_="0x563227338fc0" type="dict" key="loginInfo"/>
      <value _ptr_="0x563227339040" type="dict" key="serverInfo">
        <value type="int" key="setupPending">0</value>
        <value type="string" key="sys.sudo"></value>
      </value>
      <value type="string" key="name">Analitika</value>
    </value>
    <value type="object" struct-name="db.mgmt.ServerInstance" id="4fbfb50c-4c5e-11ec-8ac2-bc5ff4d09e25" struct-checksum="0x367436e2">
      <link type="object" struct-name="db.mgmt.Connection" key="connection">166523c1-72aa-11eb-83e6-e31e7db361b7</link>
      <value _ptr_="0x563227339770" type="dict" key="loginInfo"/>
      <value _ptr_="0x5632273397f0" type="dict" key="serverInfo">
        <value type="int" key="setupPending">0</value>
        <value type="string" key="sys.sudo"></value>
      </value>
      <value type="string" key="name">mobilegate69</value>
    </value>
    <value type="object" struct-name="db.mgmt.ServerInstance" id="4fbfb638-4c5e-11ec-8ac2-bc5ff4d09e25" struct-checksum="0x367436e2">
      <link type="object" struct-name="db.mgmt.Connection" key="connection">3a0bbda2-72aa-11eb-83e6-e31e7db361b7</link>
      <value _ptr_="0x563227339f20" type="dict" key="loginInfo"/>
      <value _ptr_="0x563227339fa0" type="dict" key="serverInfo">
        <value type="int" key="setupPending">0</value>
        <value type="string" key="sys.sudo"></value>
      </value>
      <value type="string" key="name">mobilegate71</value>
    </value>
    <value type="object" struct-name="db.mgmt.ServerInstance" id="4fbfb75a-4c5e-11ec-8ac2-bc5ff4d09e25" struct-checksum="0x367436e2">
      <link type="object" struct-name="db.mgmt.Connection" key="connection">3b427576-72aa-11eb-83e6-e31e7db361b7</link>
      <value _ptr_="0x563227090c00" type="dict" key="loginInfo"/>
      <value _ptr_="0x563227090c80" type="dict" key="serverInfo">
        <value type="int" key="setupPending">0</value>
        <value type="string" key="sys.sudo"></value>
      </value>
      <value type="string" key="name">mobilegate72</value>
    </value>
    <value type="object" struct-name="db.mgmt.ServerInstance" id="4fbfb872-4c5e-11ec-8ac2-bc5ff4d09e25" struct-checksum="0x367436e2">
      <link type="object" struct-name="db.mgmt.Connection" key="connection">3b427578-72aa-11eb-83e6-e31e7db361b7</link>
      <value _ptr_="0x5632270913b0" type="dict" key="loginInfo"/>
      <value _ptr_="0x563227091430" type="dict" key="serverInfo">
        <value type="int" key="setupPending">0</value>
        <value type="string" key="sys.sudo"></value>
      </value>
      <value type="string" key="name">mobilegate73</value>
    </value>
    <value type="object" struct-name="db.mgmt.ServerInstance" id="4fbfb99e-4c5e-11ec-8ac2-bc5ff4d09e25" struct-checksum="0x367436e2">
      <link type="object" struct-name="db.mgmt.Connection" key="connection">3b42757a-72aa-11eb-83e6-e31e7db361b7</link>
      <value _ptr_="0x563227091b60" type="dict" key="loginInfo"/>
      <value _ptr_="0x563227091be0" type="dict" key="serverInfo">
        <value type="int" key="setupPending">0</value>
        <value type="string" key="sys.sudo"></value>
      </value>
      <value type="string" key="name">mobilegate74</value>
    </value>
    <value type="object" struct-name="db.mgmt.ServerInstance" id="4fbfbac0-4c5e-11ec-8ac2-bc5ff4d09e25" struct-checksum="0x367436e2">
      <link type="object" struct-name="db.mgmt.Connection" key="connection">3b42757c-72aa-11eb-83e6-e31e7db361b7</link>
      <value _ptr_="0x563227092310" type="dict" key="loginInfo"/>
      <value _ptr_="0x563227092390" type="dict" key="serverInfo">
        <value type="int" key="setupPending">0</value>
        <value type="string" key="sys.sudo"></value>
      </value>
      <value type="string" key="name">mobilegate75</value>
    </value>
    <value type="object" struct-name="db.mgmt.ServerInstance" id="4fbfbbe2-4c5e-11ec-8ac2-bc5ff4d09e25" struct-checksum="0x367436e2">
      <link type="object" struct-name="db.mgmt.Connection" key="connection">3b42757e-72aa-11eb-83e6-e31e7db361b7</link>
      <value _ptr_="0x563227092ac0" type="dict" key="loginInfo"/>
      <value _ptr_="0x563227092b40" type="dict" key="serverInfo">
        <value type="int" key="setupPending">0</value>
        <value type="string" key="sys.sudo"></value>
      </value>
      <value type="string" key="name">mobilegate77</value>
    </value>
    <value type="object" struct-name="db.mgmt.ServerInstance" id="4fbfbee4-4c5e-11ec-8ac2-bc5ff4d09e25" struct-checksum="0x367436e2">
      <link type="object" struct-name="db.mgmt.Connection" key="connection">67d1e7e8-72aa-11eb-83e6-e31e7db361b7</link>
      <value _ptr_="0x563227093270" type="dict" key="loginInfo"/>
      <value _ptr_="0x5632270932f0" type="dict" key="serverInfo">
        <value type="int" key="setupPending">0</value>
        <value type="string" key="sys.sudo"></value>
      </value>
      <value type="string" key="name">mobilegate78</value>
    </value>
    <value type="object" struct-name="db.mgmt.ServerInstance" id="4fbfc01a-4c5e-11ec-8ac2-bc5ff4d09e25" struct-checksum="0x367436e2">
      <link type="object" struct-name="db.mgmt.Connection" key="connection">b11a0036-7749-11eb-8e4c-dbd1aa94abe8</link>
      <value _ptr_="0x563227093a20" type="dict" key="loginInfo"/>
      <value _ptr_="0x563227093aa0" type="dict" key="serverInfo">
        <value type="int" key="setupPending">0</value>
        <value type="string" key="sys.sudo"></value>
      </value>
      <value type="string" key="name">Analitika RTN</value>
    </value>
    <value type="object" struct-name="db.mgmt.ServerInstance" id="4fbfc150-4c5e-11ec-8ac2-bc5ff4d09e25" struct-checksum="0x367436e2">
      <link type="object" struct-name="db.mgmt.Connection" key="connection">27cbc056-8187-11eb-84ae-2be0f6dc77b4</link>
      <value _ptr_="0x5632270941d0" type="dict" key="loginInfo"/>
      <value _ptr_="0x563227094250" type="dict" key="serverInfo">
        <value type="int" key="setupPending">0</value>
        <value type="string" key="sys.sudo"></value>
      </value>
      <value type="string" key="name">supportapps2</value>
    </value>
    <value type="object" struct-name="db.mgmt.ServerInstance" id="4fbfc27c-4c5e-11ec-8ac2-bc5ff4d09e25" struct-checksum="0x367436e2">
      <link type="object" struct-name="db.mgmt.Connection" key="connection">3fbb5658-abe0-11eb-9519-7fa109580a95</link>
      <value _ptr_="0x563227094980" type="dict" key="loginInfo"/>
      <value _ptr_="0x563227094a00" type="dict" key="serverInfo">
        <value type="int" key="setupPending">0</value>
        <value type="string" key="sys.sudo"></value>
      </value>
      <value type="string" key="name">FS2</value>
    </value>
    <value type="object" struct-name="db.mgmt.ServerInstance" id="4fbfc3a8-4c5e-11ec-8ac2-bc5ff4d09e25" struct-checksum="0x367436e2">
      <link type="object" struct-name="db.mgmt.Connection" key="connection">251fb8c4-d819-11eb-9f0a-4198cdc84bc7</link>
      <value _ptr_="0x563227095130" type="dict" key="loginInfo"/>
      <value _ptr_="0x5632270951b0" type="dict" key="serverInfo">
        <value type="int" key="setupPending">0</value>
        <value type="string" key="sys.sudo"></value>
      </value>
      <value type="string" key="name">rtn-nodered</value>
    </value>
    <value type="object" struct-name="db.mgmt.ServerInstance" id="976869d0-5802-11ec-b2e0-bc5ff4d09e25" struct-checksum="0x367436e2">
      <link type="object" struct-name="db.mgmt.Connection" key="connection">7f4fb0ec-5802-11ec-b2e0-bc5ff4d09e25</link>
      <value _ptr_="0x5632270958e0" type="dict" key="loginInfo"/>
      <value _ptr_="0x563227095960" type="dict" key="serverInfo">
        <value type="int" key="setupPending">0</value>
        <value type="string" key="sys.sudo"></value>
      </value>
      <value type="string" key="name">CRO1</value>
    </value>
    <value type="object" struct-name="db.mgmt.ServerInstance" id="9b7c8e70-5802-11ec-b2e0-bc5ff4d09e25" struct-checksum="0x367436e2">
      <link type="object" struct-name="db.mgmt.Connection" key="connection">9b7c8bdc-5802-11ec-b2e0-bc5ff4d09e25</link>
      <value _ptr_="0x563227096090" type="dict" key="loginInfo"/>
      <value _ptr_="0x563227096110" type="dict" key="serverInfo">
        <value type="int" key="setupPending">0</value>
        <value type="string" key="sys.sudo"></value>
      </value>
      <value type="string" key="name">CRO2</value>
    </value>
    <value type="object" struct-name="db.mgmt.ServerInstance" id="9bcea4f8-5802-11ec-b2e0-bc5ff4d09e25" struct-checksum="0x367436e2">
      <link type="object" struct-name="db.mgmt.Connection" key="connection">9bcea25a-5802-11ec-b2e0-bc5ff4d09e25</link>
      <value _ptr_="0x563227350d00" type="dict" key="loginInfo"/>
      <value _ptr_="0x563227350d80" type="dict" key="serverInfo">
        <value type="int" key="setupPending">0</value>
        <value type="string" key="sys.sudo"></value>
      </value>
      <value type="string" key="name">CRO3</value>
    </value>
  </value>
</data>
